[{"Name":"arssoftwaresolutions.html","Link":"https://arssoftwaresolutions.de/","SubLinks":["https://arssoftwaresolutions.de/","https://arssoftwaresolutions.de/about-us-2/","https://arssoftwaresolutions.de/our-services/","https://arssoftwaresolutions.de/galleryars/","https://arssoftwaresolutions.de/kontakt/","https://arssoftwaresolutions.de/presse/","https://arssoftwaresolutions.de/2019/08/01/technologien/","https://arssoftwaresolutions.de/2014/01/29/blockchain/","https://arssoftwaresolutions.de/2014/01/27/security/","https://arssoftwaresolutions.de/impressum/","https://arssoftwaresolutions.de/datenschutzerklarung/"]},{"Name":"arssoftwaresolutions.html","Link":"https://arssoftwaresolutions.de/","SubLinks":[]},{"Name":"httpsarssoftwaresolutions.deaboutus2.html","Link":"https://arssoftwaresolutions.de/about-us-2/","SubLinks":[]},{"Name":"httpsarssoftwaresolutions.deourservices.html","Link":"https://arssoftwaresolutions.de/our-services/","SubLinks":[]},{"Name":"httpsarssoftwaresolutions.degalleryars.html","Link":"https://arssoftwaresolutions.de/galleryars/","SubLinks":[]},{"Name":"httpsarssoftwaresolutions.dekontakt.html","Link":"https://arssoftwaresolutions.de/kontakt/","SubLinks":[]},{"Name":"httpsarssoftwaresolutions.depresse.html","Link":"https://arssoftwaresolutions.de/presse/","SubLinks":[]},{"Name":"httpsarssoftwaresolutions.de20190801technologien.html","Link":"https://arssoftwaresolutions.de/2019/08/01/technologien/","SubLinks":["https://arssoftwaresolutions.de/category/featured/","https://arssoftwaresolutions.de/contact/"]},{"Name":"httpsarssoftwaresolutions.decategoryfeatured.html","Link":"https://arssoftwaresolutions.de/category/featured/","SubLinks":["https://arssoftwaresolutions.de/author/farrukh_ars/"]},{"Name":"httpsarssoftwaresolutions.deauthorfarrukh_ars.html","Link":"https://arssoftwaresolutions.de/author/farrukh_ars/","SubLinks":[]},{"Name":"httpsarssoftwaresolutions.decontact.html","Link":"https://arssoftwaresolutions.de/contact/","SubLinks":[]},{"Name":"httpsarssoftwaresolutions.de20140129blockchain.html","Link":"https://arssoftwaresolutions.de/2014/01/29/blockchain/","SubLinks":[]},{"Name":"httpsarssoftwaresolutions.de20140127security.html","Link":"https://arssoftwaresolutions.de/2014/01/27/security/","SubLinks":[]},{"Name":"httpsarssoftwaresolutions.deimpressum.html","Link":"https://arssoftwaresolutions.de/impressum/","SubLinks":[]},{"Name":"httpsarssoftwaresolutions.dedatenschutzerklarung.html","Link":"https://arssoftwaresolutions.de/datenschutzerklarung/","SubLinks":[]}]