[{"Name":"neveling.net.html","Link":"https://neveling.net/","SubLinks":["https://neveling.net/competence","https://neveling.net/work","https://neveling.net/career","https://neveling.net/about-us","https://neveling.net/pages/contact","https://neveling.net/work#anchor-scroll-fa9f96b9-0c00-43a1-b55b-b101650df2fd","https://neveling.net/work#anchor-scroll-bcbac4ec-760a-4ff9-bcaa-d8ef61a2131f","https://neveling.net/News/neveling-sitecore-partnership","https://neveling.net/work#anchor-scroll-26b00b78-326e-4f48-859c-96bab90156a1","https://neveling.net/work#anchor-scroll-38eff80e-ec10-4e81-83e6-a78e68c55787","https://neveling.net/de-DE/pages/privacy-policy","https://neveling.net/tel:+49 (0) 40 32 80 76-0","https://neveling.net/tel:+49 (0) 40 32 80 76-10","https://neveling.net/mailto:info.neveling@reply.de","https://neveling.net/pages/legal-info","https://neveling.net/pages/privacy-policy"]},{"Name":"httpsneveling.netcompetence.html","Link":"https://neveling.net/competence","SubLinks":[]},{"Name":"httpsneveling.network.html","Link":"https://neveling.net/work","SubLinks":["https://neveling.net/work/project-fcecom","https://neveling.net/http://www.faber-castell.de","https://neveling.net/work/Beiersdorf","https://neveling.net/http://www.beiersdorf.de","https://neveling.net/work/Project momwasright","https://neveling.net/work/Project GvFC","https://neveling.net/http://www.graf-von-faber-castell.de","https://neveling.net/work/Labello","https://neveling.net/http://www.labello.de/","https://neveling.net/work/DEDON","https://neveling.net/work/Project Hartmann","https://neveling.net/http://www.hartmann.info"]},{"Name":"httpsneveling.networkBeiersdorf.html","Link":"https://neveling.net/work/Beiersdorf","SubLinks":[]},{"Name":"httpsneveling.networkProjectmomwasright.html","Link":"https://neveling.net/work/Project momwasright","SubLinks":[]},{"Name":"httpsneveling.networkProjectGvFC.html","Link":"https://neveling.net/work/Project GvFC","SubLinks":[]},{"Name":"httpsneveling.networkLabello.html","Link":"https://neveling.net/work/Labello","SubLinks":[]},{"Name":"httpsneveling.networkDEDON.html","Link":"https://neveling.net/work/DEDON","SubLinks":[]},{"Name":"httpsneveling.networkProjectHartmann.html","Link":"https://neveling.net/work/Project Hartmann","SubLinks":[]},{"Name":"httpsneveling.netcareer.html","Link":"https://neveling.net/career","SubLinks":["https://neveling.net/mailto:career.neveling@reply.de?subject=Initiativbewerbung","https://neveling.net/mailto:career.neveling@reply.de"]},{"Name":"httpsneveling.netaboutus.html","Link":"https://neveling.net/about-us","SubLinks":[]},{"Name":"httpsneveling.netNewsnevelingsitecorepartnership.html","Link":"https://neveling.net/News/neveling-sitecore-partnership","SubLinks":[]},{"Name":"httpsneveling.netdeDEpagesprivacypolicy.html","Link":"https://neveling.net/de-DE/pages/privacy-policy","SubLinks":["https://neveling.net/mailto:dpo.de@reply.de","https://neveling.net/mailto:dpo.it@reply.it","https://neveling.net/mailto:dpo.uk@reply.com","https://neveling.net/mailto:DSB@reply.de","https://neveling.net/mailto:privacy@reply.com"]},{"Name":"httpsneveling.netpageslegalinfo.html","Link":"https://neveling.net/pages/legal-info","SubLinks":["https://neveling.net/mailto: info.neveling@reply.de"]},{"Name":"httpsneveling.netpagesprivacypolicy.html","Link":"https://neveling.net/pages/privacy-policy","SubLinks":[]}]